{
    "bas": {
        "left_shoulder": [
            6.272413304595863,
            67.48303530793382,
            23.4528413116525
        ],
        "right_shoulder": [
            19.92632986732165,
            57.71528179203921,
            35.23289623530738
        ],
        "wrist": [
            0.3500804160297095,
            0.6689287915470938,
            0.49633527646886383
        ],
        "elbow": [
            0.3838814581613247,
            0.5560642648526182,
            0.4620256062198454
        ]
    },
    "haut": {
        "left_shoulder": [
            67.35811894584077,
            179.4460069017289,
            168.44977068550165
        ],
        "right_shoulder": [
            144.1987776320271,
            178.16029525750474,
            170.60887782344673
        ],
        "wrist": [
            0.3491250799683242,
            0.7928489519747336,
            0.564317040330542
        ],
        "elbow": [
            0.4988767285244374,
            0.7810536252841405,
            0.6281267234359996
        ]
    }
}