{
    "haut": {
        "left_elbow_shoulder_hip": [
            0.9016227870176864,
            179.31694081581185,
            54.33738166166855
        ],
        "right_elbow_shoulder_hip": [
            13.06103783975256,
            179.11373790262,
            54.18397080854392
        ],
        "right_hip_knee_angle": [
            145.86673511862637,
            179.25442856480993,
            164.76863021720388
        ],
        "left_hip_knee_angle": [
            124.15422486375176,
            179.58872310269277,
            167.77392711207438
        ],
        "right_elbow_angle": [
            140.1841751139485,
            179.43962444450872,
            173.55740482247793
        ],
        "left_elbow_angle": [
            125.21578821997946,
            179.6221053945765,
            172.3328442961935
        ],
        "wrist": [
            0.365467190505145,
            0.8276027787075817,
            0.5879525246373413
        ],
        "elbow": [
            0.4306633288055822,
            0.8748844777078096,
            0.7359548179928792
        ]
    },
    "bas": {
        "left_elbow_shoulder_hip": [
            0.4727813284868283,
            129.67801416166714,
            46.323971635263455
        ],
        "right_elbow_shoulder_hip": [
            1.5927008240079616,
            102.31028051421823,
            45.39402492968507
        ],
        "right_hip_knee_angle": [
            152.97174964214202,
            179.03940708566958,
            173.10800376551535
        ],
        "left_hip_knee_angle": [
            65.94396862496768,
            176.78681731044946,
            157.66060600606212
        ],
        "right_elbow_angle": [
            12.032394047751298,
            97.73288203470312,
            46.684108830203265
        ],
        "left_elbow_angle": [
            8.645620874876656,
            96.37069267460213,
            42.883153072691364
        ],
        "wrist": [
            0.5374553333420651,
            0.7716356275051662,
            0.6739801272219739
        ],
        "elbow": [
            0.518869125888454,
            0.6249177403891563,
            0.5643455420246561
        ]
    }
}