{
    "bas": {
        "left_elbow_shoulder_hip": [
            20.41961199745654,
            83.8472523761081,
            44.73056477760395
        ],
        "right_elbow_shoulder_hip": [
            20.41961199745654,
            83.8472523761081,
            44.73056477760395
        ],
        "right_hip_knee_angle": [
            147.83752010251044,
            170.36313172166038,
            155.35483927802423
        ],
        "left_hip_knee_angle": [
            147.83752010251044,
            170.36313172166038,
            155.35483927802423
        ],
        "right_elbow_angle": [
            21.526909711142864,
            82.51019978592369,
            56.12378785375427
        ],
        "left_elbow_angle": [
            31.259497373447413,
            148.4056489842105,
            81.27678765462306
        ],
        "wrist": [
            0.4513902479421091,
            0.8434508607511045,
            0.6268985656039839
        ],
        "elbow": [
            0.543017638357398,
            0.9640046665800356,
            0.6342552677567236
        ]
    },
    "haut": {
        "left_elbow_shoulder_hip": [
            37.14367387148082,
            109.23001159088484,
            67.7987474834074
        ],
        "right_elbow_shoulder_hip": [
            52.52271185804934,
            101.4099190789284,
            72.52980064432174
        ],
        "right_hip_knee_angle": [
            141.3194843564269,
            172.07274146804505,
            161.2508964875094
        ],
        "left_hip_knee_angle": [
            141.3194843564269,
            172.07274146804505,
            161.2508964875094
        ],
        "right_elbow_angle": [
            166.93376435388163,
            179.62777409597334,
            170.6806610426946
        ],
        "left_elbow_angle": [
            106.71621130291813,
            179.32235659383093,
            166.49029876524918
        ],
        "wrist": [
            0.4164317329542448,
            0.885072424573025,
            0.6315118316061523
        ],
        "elbow": [
            0.6192731738944435,
            0.9223226309373592,
            0.8046662773519231
        ]
    }
}